Player,Nation,Pos,Squad,Age,MP,Min,Gls,Ast,Wage,pts
A.J. DeLaGarza,GUM,DF,New England,34,4,290,0,0,2.5,42
Aaron Herrera,USA,DF,Real Salt Lake,24,27,2268,0,2,7,47
Aaron Long,USA,DF,NY Red Bulls,29,29,2366,4,0,10.5,53
Abdoulaye Cissoko,FRA,DF,Seattle,22,10,409,0,0,0.66724000000000006,41
Abraham Rodriguez,USA,GK,Colorado Rapids,19,1,46,0,0,0.84,43
Abu Danladi,GHA,FW,Minnesota Utd,26,19,634,2,0,1.35,48
Adalberto Carrasquilla,PAN,MF,Houston Dynamo,23,32,2392,2,3,4.18908,36
Adam Armour,USA,MF,Charlotte,19,5,85,1,0,0.655,42
Adam Lundqvist,SWE,DF,Houston Dynamo,27,31,2581,0,5,3.25,36
Adam Saldaña,USA,MF,LA Galaxy,19,1,10,0,0,0.89513,50
Adilson Malanda,FRA,DF,Charlotte,20,6,540,0,1,2.5,42
Adrien Perez,USA,MF,D.C. United,26,3,133,0,0,0.89513,27
Ahmed Hamdi,EGY,MF,CF Montréal,23,9,332,0,1,4.75,65
Aidan Morris,USA,MF,Columbus Crew,20,27,1811,0,0,1.7,46
Aiden McFadden,USA,DF,Atlanta Utd,23,11,639,0,0,0.655,40
Aimé Mabika,ZAM,DF,Inter Miami,23,15,1022,0,1,0.655,48
Alan Benítez,PAR,DF,Minnesota Utd,28,11,570,1,2,3.8,48
Alan Franco,ARG,DF,Atlanta Utd,25,31,2714,1,2,5.4,40
Alan Franco,ECU,MF,Charlotte,23,10,782,0,1,5.4,42
Alan Velasco,ARG,FW,FC Dallas,19,26,1928,6,5,11,53
Albert Rusnák,SVK,MF,Seattle,27,32,2603,3,0,18,41
Alec Kann,USA,GK,FC Cincinnati,31,7,630,0,0,2,49
Alejandro Bedoya,USA,MF,Philadelphia,34,30,2422,6,6,9,67
Alessandro Schöpf,AUT,MF,Vancouver,27,7,342,0,0,8,43
Alex Bono,USA,GK,Toronto FC,27,24,2160,0,0,5.25,34
Alex DeJohn,USA,DF,Atlanta Utd,30,5,416,0,0,0.85444,40
Alex Monis,USA,FW,Chicago Fire,18,1,2,1,0,0.84,39
Alex Muyl,USA,DF,Nashville,26,29,2019,2,2,3.25,50
Alex Roldan,SLV,DF,Seattle,25,32,2610,1,4,2,41
Alexander Callens,PER,DF,NYCFC,29,27,2386,5,1,7.5,55
Alexander Ring,FIN,MF,Austin,30,34,2780,4,3,15,56
Alexandre Pato,BRA,FW,Orlando City,32,22,1196,3,5,4,48
Alexandru Mățan,ROU,FW,Columbus Crew,22,6,32,0,0,4.25,46
Alfredo Morales,USA,MF,NYCFC,31,24,1880,0,2,6,55
Alistair Johnston,CAN,DF,CF Montréal,23,33,2646,4,4,4,65
Aljaž Ivačič,SVN,GK,Portland Timbers,28,32,2880,0,0,2.2,46
Allan Cruz,CRC,MF,FC Cincinnati,25,11,403,0,0,11.4,49
Alvas Powell,JAM,DF,FC Cincinnati,27,28,1930,0,3,1.5,49
Amar Sejdic,USA,MF,Atlanta Utd,25,23,1306,0,1,0.85444,40
Anderson Julio,ECU,FW,Real Salt Lake,25,19,522,3,1,7.5,47
Andre Blake,JAM,GK,Philadelphia,31,34,3060,0,0,7.5,67
Andre Reynolds II,USA,FW,Chicago Fire,20,12,404,0,0,0.9,39
Andres Jasson,USA,DF,NYCFC,20,15,467,0,1,1,55
Andreu Fontàs,ESP,DF,Sporting KC,32,28,2437,2,0,11.25,40
Andrew Brody,USA,DF,Real Salt Lake,26,34,2955,2,4,1.9,47
Andrew Farrell,USA,DF,New England,29,32,2778,0,0,4.25,42
Andrew Gutman,USA,DF,Atlanta Utd,25,25,1962,4,1,3,40
Andrew Tarbell,USA,GK,Austin,28,4,352,0,0,3,56
Andrés Cubas,PAR,MF,Vancouver,25,18,1349,1,0,9,43
Andrés Perea,USA,MF,Orlando City,21,24,813,1,0,2.4,48
Andrés Reyes,COL,DF,NY Red Bulls,22,12,695,0,0,4.25,53
Andy Najar,HON,DF,D.C. United,28,23,1666,0,1,3.75,27
Anthony Markanich,USA,DF,Colorado Rapids,22,3,234,0,0,0.655,43
Anton Tinnerholm,SWE,DF,NYCFC,30,10,580,0,0,7.5,55
Anton Walkes, ENG,DF,Charlotte,24,23,1806,0,0,3.25,42
Antonio Carlos,BRA,DF,Orlando City,28,21,1625,0,1,9,48
Aníbal Godoy,PAN,MF,Nashville,31,19,945,1,2,8,50
Ariel Lassiter,CRC,FW,Inter Miami,27,30,1640,4,4,2.1,48
Arnaud Ake,CIV,FW,Nashville,23,21,318,1,0,12.5,50
Arquimides Ordonez,GUA,FW,FC Cincinnati,18,8,90,0,0,0.655,49
Artur,BRA,MF,Columbus Crew,25,24,1642,0,0,5.64,46
Ayo Akinola,CAN,FW,Toronto FC,22,26,1241,2,0,6,34
Bakaye Dibassy,MLI,DF,Minnesota Utd,32,26,2256,1,0,6.5,48
Ben Bender,USA,MF,Charlotte,20,28,1645,3,6,0.655,42
Ben Reveno,USA,FW,New England,22,1,1,0,0,0.655,42
Ben Sweat,USA,DF,Sporting KC,30,20,1524,0,3,2,40
Benjamin Kikanovic,USA,FW,San Jose,22,30,1370,6,3,0.85444,35
Benjamin Redzic,USA,MF,FC Dallas,19,6,67,0,0,0.66724000000000006,53
Benji Michel,USA,FW,Orlando City,24,31,1504,1,0,1.15,48
Bernard Kamungo,TAN,FW,FC Dallas,20,1,21,0,0,0.84,53
Bill Hamid,USA,GK,D.C. United,31,10,858,0,0,7,27
Bill Tuiloma,NZL,DF,Portland Timbers,26,30,2255,6,2,2.85,46
Blake Bodily,USA,FW,Portland Timbers,24,3,15,0,0,0.84,46
Bobby Wood,USA,FW,Real Salt Lake,29,14,983,3,1,9.25,47
Bode Davis,USA,MF,Real Salt Lake,19,6,91,1,0,0.84,47
Bongokuhle Hlongwane,RSA,FW,Minnesota Utd,21,29,1598,2,4,5.3,48
Boris Sekulić,SVK,DF,Chicago Fire,30,33,2815,0,2,5.96,39
Brad Guzan,USA,GK,Atlanta Utd,37,7,612,0,0,4.45716,40
Brad Knighton,USA,GK,New England,36,4,360,0,0,1.5,42
Brad Smith,AUS,DF,D.C. United,27,16,1148,0,1,5.5,27
Brad Stuver,USA,GK,Austin,30,31,2708,0,0,1.75,56
Braian Ojeda,PAR,MF,Real Salt Lake,21,6,352,0,0,5.5,47
Brandan Craig,USA,MF,Philadelphia,17,1,4,0,0,0.85,67
Brandon Bye,USA,DF,New England,26,29,2565,2,7,3.25,42
Brandon Servania,USA,MF,FC Dallas,22,23,1321,2,3,4,53
Brandon Vazquez,USA,FW,FC Cincinnati,23,33,2740,18,8,2.75,49
Brandt Bronico,USA,MF,Charlotte,26,34,2812,1,1,1.25,42
Brek Shea,USA,DF,Inter Miami,31,4,161,0,0,1.82,48
Brendan Hines-Ike,USA,DF,D.C. United,27,20,1682,0,0,3.75,27
Brenner,BRA,FW,FC Cincinnati,22,29,2056,18,6,16.8,49
Brent Kallman,USA,DF,Minnesota Utd,31,20,1395,2,0,1.6,48
Brian Anunga,CMR,MF,Nashville,25,24,842,0,0,1.56,50
Brian Gutiérrez,USA,FW,Chicago Fire,18,33,1637,2,5,1.04,39
Brian White,USA,FW,Vancouver,25,26,1667,4,1,4.56,43
Brooklyn Raines,USA,MF,Houston Dynamo,16,1,34,0,0,0.655,36
Brooks Lennon,USA,DF,Atlanta Utd,24,25,2033,2,6,5,40
Bryan Acosta,HON,MF,Colorado Rapids,28,26,1898,0,2,6.5,43
Bryan Oviedo,CRC,DF,Real Salt Lake,31,6,361,0,2,2.748,47
Bryce Duke,USA,MF,Inter Miami,20,28,1478,1,4,1.22,48
C.J. Sapong,USA,FW,Nashville,33,33,2464,5,5,5.5,50
Cade Cowell,USA,FW,San Jose,18,31,1554,3,3,5.45455,35
Caden Clark,USA,FW,NY Red Bulls,18,16,485,1,1,1.488,53
Caio Alexandre,BRA,MF,Vancouver,22,4,81,0,0,5,43
Cal Jennings,USA,FW,Los Angeles FC,24,3,19,0,0,0.84,67
Caleb Wiley,USA,DF,Atlanta Utd,17,26,1497,1,1,0.655,40
Calvin Harris, ENG,DF,FC Cincinnati,21,8,179,1,1,0.85444,49
Cameron Duke,USA,MF,Sporting KC,20,26,1227,0,2,0.9,40
Cameron Harper,USA,DF,NY Red Bulls,20,17,765,2,2,2.25,53
Carles Gil,ESP,MF,New England,29,33,2911,7,9,32.5,42
Carlos Coronel,BRA,GK,NY Red Bulls,25,33,2970,0,0,4.8,53
Carlos Terán,COL,DF,Chicago Fire,21,22,1674,1,0,2,39
Carlos Vela,MEX,FW,Los Angeles FC,32,32,2319,12,9,24,67
Chase Gasper,USA,DF,LA Galaxy,26,17,840,0,0,3.75,50
Chris Durkin,USA,MF,D.C. United,21,29,2242,1,4,4,27
Chris Gloster,USA,DF,NYCFC,21,11,481,1,1,2.28,55
Chris Hegardt,USA,MF,Charlotte,20,3,19,0,0,0.655,42
Chris Mavinga,COD,DF,Toronto FC,30,19,1494,0,0,10,34
Chris Mueller,USA,FW,Chicago Fire,25,24,1962,4,5,5.49996,39
Chris Odoi-Atsem,USA,DF,D.C. United,26,20,851,0,0,1.4,27
Christian Benteke,BEL,FW,D.C. United,31,7,558,1,0,40,27
Christian Fuchs,AUT,DF,Charlotte,35,26,1943,3,0,3.75,42
Christopher Brady,USA,GK,Chicago Fire,17,1,90,0,0,1.59996,39
Christopher Garcia,USA,MF,Real Salt Lake,19,2,4,0,0,0.9,47
Christopher McVey,SWE,DF,Inter Miami,24,34,3039,1,1,1.99992,48
Claudio Bravo,ARG,DF,Portland Timbers,24,26,2202,0,2,3,46
Clément Diop,SEN,GK,Inter Miami,28,3,270,0,0,1.25,48
Cody Cropper,USA,GK,Vancouver,28,15,1236,0,1,0.84,43
Collen Warner,USA,MF,Colorado Rapids,33,18,640,1,0,0.84,43
Corentin Jean,FRA,FW,Inter Miami,26,3,76,0,1,7.2,48
Corey Baird,USA,FW,Houston Dynamo,26,23,1345,2,4,4.4,36
Cory Burke,JAM,FW,Philadelphia,30,33,1194,7,4,4,67
Cristhian Paredes,PAR,MF,Portland Timbers,23,27,1663,2,2,2.52,46
Cristian Arango,COL,FW,Los Angeles FC,26,34,2341,16,4,6.24,67
Cristian Cásseres Jr.,VEN,MF,NY Red Bulls,22,27,2200,2,4,2.3,53
Cristian Espinoza,ARG,FW,San Jose,26,34,2848,7,9,11.5,35
Cristian Roldan,USA,FW,Seattle,26,26,2102,4,4,8.6,41
Cristian Tello,ESP,FW,Los Angeles FC,30,4,98,0,0,13.33333,67
Cristián Dajome,COL,DF,Vancouver,28,28,1797,2,4,7.5,43
Cristián Gutiérrez,CHI,DF,Vancouver,24,11,616,0,1,2.5,43
Cucho,COL,FW,Columbus Crew,22,16,1298,9,2,26,46
César Araujo,URU,MF,Orlando City,20,31,2458,0,0,1.8,48
D.J. Taylor,USA,DF,Minnesota Utd,24,26,2087,1,2,0.85444,48
Dairon Asprilla,COL,FW,Portland Timbers,29,29,1847,10,2,3.5,46
Damien Rivera,USA,FW,New England,19,13,417,1,0,0.84,42
Damion Lowe,JAM,DF,Inter Miami,28,28,2383,1,1,2.25,48
Damir Kreilach,CRO,MF,Real Salt Lake,32,5,300,1,0,17.62572,47
Daniel Aguirre,USA,MF,LA Galaxy,22,11,374,1,1,0.66724000000000006,50
Daniel Armando Ríos,MEX,FW,Charlotte,26,27,1417,7,1,2.3,42
Daniel Edelman,USA,MF,NY Red Bulls,18,16,993,1,0,0.84,53
Daniel Lovitz,USA,DF,Nashville,30,31,2618,1,4,4.9875,50
Daniel Pereira,VEN,MF,Austin,21,30,2087,2,0,0.84,56
Daniel Steres,USA,DF,Houston Dynamo,31,18,1343,2,1,4.5,36
Danny Hoesen,NED,FW,Austin,31,14,382,3,0,6.5,56
Danny Leyva,USA,MF,Seattle,18,19,951,0,1,1.1,41
Danny Trejo,USA,FW,Los Angeles FC,23,3,45,0,0,0.655,67
Danny Wilson, SCO,DF,Colorado Rapids,30,26,2101,0,1,3.3,43
Dantouma Toure,GUI,FW,Colorado Rapids,17,5,38,1,0,0.655,43
Dario Župarić,BIH,DF,Portland Timbers,29,30,2192,0,0,3.75,46
Darlington Nagbe,USA,MF,Columbus Crew,31,34,3036,3,0,17.6,46
Darren Yapi,USA,FW,Colorado Rapids,17,11,173,0,0,0.655,43
Darwin Cerén,SLV,MF,Houston Dynamo,32,27,1128,0,0,1.9,36
Darwin Quintero,COL,MF,Houston Dynamo,34,31,1765,8,3,6,36
David Ayala,ARG,MF,Portland Timbers,19,21,741,0,0,2.75,46
David Bingham,USA,GK,Portland Timbers,32,2,180,0,0,0.84,46
David Ochoa,USA,GK,D.C. United,21,9,810,0,0,1.035,27
David Romney,USA,DF,Nashville,28,31,2643,3,2,4.75,50
Dax McCarty,USA,MF,Nashville,34,29,1770,0,1,4.75,50
Dayne St. Clair,CAN,GK,Minnesota Utd,24,32,2835,0,1,3,48
DeAndre Yedlin,USA,DF,Inter Miami,28,34,2986,0,3,8,48
DeJuan Jones,USA,DF,New England,24,31,2737,1,5,3.5,42
Deandre Kerr,CAN,MF,Toronto FC,19,26,1306,3,0,0.655,34
Deiber Caicedo,COL,FW,Vancouver,21,16,985,1,2,3,43
Dejan Joveljić,SRB,FW,LA Galaxy,22,32,1003,11,3,6.125,50
Denis Bouanga,GAB,FW,Los Angeles FC,27,7,496,1,0,20.83333,67
Derrick Etienne,HAI,FW,Columbus Crew,25,33,2216,9,6,1.75,46
Derrick Jones,USA,MF,Charlotte,24,16,944,1,0,1.85,42
Derrick Williams,IRL,DF,LA Galaxy,29,26,2154,0,1,7.5,50
Diego Chará,COL,MF,Portland Timbers,35,28,2435,0,2,6.75,46
Diego Fagúndez,URU,FW,Austin,26,34,2703,6,12,4.5,56
Diego Gutierrez,USA,FW,Portland Timbers,22,1,4,0,0,0.655,46
Diego Luna,USA,MF,Real Salt Lake,18,13,318,0,0,0.84,47
Diego Palacios,ECU,DF,Los Angeles FC,22,28,2407,1,4,4.86,67
Diego Rubio,CHI,MF,Colorado Rapids,28,30,2436,16,5,5.85,43
Djordje Mihailovic,USA,MF,CF Montréal,23,27,1998,9,4,7,65
Dom Dwyer,USA,FW,Atlanta Utd,31,22,617,4,0,0.84,40
Domenico Criscito,ITA,DF,Toronto FC,35,15,1187,1,0,12,34
Dominique Badji,SEN,FW,FC Cincinnati,29,24,1099,0,2,5,49
Donovan Pines,USA,DF,D.C. United,23,21,1447,0,0,1.5,27
Douglas Costa,BRA,MF,LA Galaxy,31,27,1408,4,1,30,50
Drake Callender,USA,GK,Inter Miami,24,24,2160,0,0,1.3,48
Drew Moor,USA,DF,Colorado Rapids,38,9,230,0,0,1.5,43
Drew Skundrich,USA,MF,D.C. United,26,19,883,0,1,0.89513,27
Dru Yearwood, ENG,MF,NY Red Bulls,21,25,1546,2,1,5,53
Dylan Borrero,COL,FW,New England,20,12,602,3,1,5.5,42
Dylan Nealis,USA,DF,NY Red Bulls,23,28,1800,0,2,1.75,53
Dylan Teves,USA,FW,Seattle,21,6,101,1,0,0.655,41
Dániel Gazdag,HUN,MF,Philadelphia,25,34,2929,22,6,5.5,67
Dániel Sallói,HUN,FW,Sporting KC,25,29,2528,7,3,4.5,40
Earl Edwards Jr.,USA,GK,New England,30,4,360,0,0,0.84,42
Eddie Munjoma,USA,DF,FC Dallas,23,3,99,0,0,0.84,53
Eddie Segura,COL,DF,Los Angeles FC,24,14,828,0,0,2,67
Edison Azcona,DOM,MF,Inter Miami,18,1,18,0,0,0.655,48
Edwin Cerrillo,USA,MF,FC Dallas,21,32,1892,0,0,1.3,53
Edwin Mosquera,COL,FW,Atlanta Utd,20,12,312,0,2,3,40
Efrain Alvarez,MEX,MF,LA Galaxy,19,28,1393,3,5,6,50
Elias Manoel,BRA,FW,NY Red Bulls,20,6,358,2,1,3.6,53
Elliot Panicco,USA,GK,Nashville,25,2,180,0,0,0.85444,50
Eloy Room,CUW,GK,Columbus Crew,32,34,3060,0,0,8,46
Ema Twumasi,GHA,DF,FC Dallas,24,31,2109,0,1,2.9,53
Emanuel Reynoso,ARG,MF,Minnesota Utd,26,29,2517,10,6,8.5,48
Emerson Hyndman,USA,MF,Atlanta Utd,25,9,288,0,0,6.57143,40
Emerson Rodríguez,COL,FW,Inter Miami,21,22,528,2,0,3.15,48
Emiliano Rigoni,ARG,FW,Austin,28,7,283,0,0,18.46152,56
Emmanuel Boateng,GHA,FW,New England,28,27,1002,2,2,2.25,42
Ercan Kara,AUT,FW,Orlando City,26,29,1776,11,3,18.6,48
Eric Miller,USA,DF,Nashville,29,24,1345,0,0,1.68,50
Eric Remedi,ARG,MF,San Jose,26,25,1444,0,0,4.5,35
Erik Godoy,ARG,DF,Vancouver,28,6,454,1,0,5.5,43
Erik Holt,USA,DF,Real Salt Lake,25,10,563,0,0,1.25,47
Erik Hurtado,USA,FW,Columbus Crew,31,14,423,3,0,0.84,46
Erik Thommy,GER,MF,Sporting KC,27,12,880,3,1,12,40
Eriq Zavaleta,SLV,DF,LA Galaxy,29,4,205,0,0,0.84,50
Eryk Williamson,USA,MF,Portland Timbers,24,22,1157,0,5,5.5,46
Esmir Bajraktarevic,USA,MF,New England,16,3,122,0,0,0.655,42
Ethan Bartlow,USA,DF,Houston Dynamo,21,15,906,0,0,0.84,36
Ethan Dobbelaere,USA,DF,Seattle,19,8,273,0,0,0.89716,41
Ethan Finlay,USA,FW,Austin,31,34,1823,5,5,3.5,56
Ethan Zubak,USA,FW,Nashville,23,11,211,0,1,1.16,50
Fabian Herbers,GER,FW,Chicago Fire,28,25,1076,1,1,2.6,39
Facundo Quignon,ARG,MF,FC Dallas,28,25,1285,1,0,7.86,53
Facundo Torres,URU,FW,Orlando City,21,33,2585,9,8,6,48
Fafà Picault,USA,FW,Houston Dynamo,30,30,2357,7,2,6,36
Federico Bernardeschi,ITA,FW,Toronto FC,27,13,1096,8,2,31.25,34
Federico Navarro,ARG,MF,Chicago Fire,21,30,2461,2,2,2.00004,39
Felipe,BRA,MF,Austin,31,28,736,1,2,0.84,56
Felipe Gutiérrez,CHI,MF,Colorado Rapids,31,12,840,0,2,5.52,43
Felipe Hernandez,USA,MF,Sporting KC,23,34,1781,2,3,0.85444,40
Felipe Mora,CHI,FW,Portland Timbers,28,7,83,1,0,8.75,46
Florian Jungwirth,GER,DF,Vancouver,33,13,858,0,0,5.5,43
Francisco Ginella,URU,MF,Los Angeles FC,23,15,445,0,0,4.5,67
Franco Escobar,ARG,DF,Los Angeles FC,26,19,1156,1,1,5.50008,67
Franco Fragapane,ARG,FW,Minnesota Utd,28,30,2019,7,2,2.49996,48
Franco Ibarra,ARG,MF,Atlanta Utd,20,20,979,0,1,4.5,40
Franco Jara,ARG,FW,FC Dallas,33,30,905,3,1,25.4,53
Frankie Amaya,USA,MF,NY Red Bulls,21,24,1976,1,3,3.25,53
Fredy Montero,COL,FW,Seattle,34,26,1284,4,1,1.1,41
Gabriel Pereira,BRA,FW,NYCFC,20,26,1345,8,2,5.55,55
Gabriele Corbo,ITA,DF,CF Montréal,22,14,1132,0,0,1.20192,65
Gaga Slonina,USA,GK,Chicago Fire,17,32,2880,0,0,1.43,39
Gaoussou Samaké,CIV,DF,D.C. United,24,3,112,0,0,0.84,27
Gareth Bale, WAL,FW,Los Angeles FC,32,12,355,2,0,16,67
Gastón Brugman,URU,MF,LA Galaxy,29,14,1121,3,1,12,50
Gastón Giménez,PAR,MF,Chicago Fire,30,22,1695,0,2,20.6,39
Gedion Zelalem,USA,MF,NYCFC,25,11,197,0,0,0.84,55
Geoff Cameron,USA,DF,FC Cincinnati,36,26,2113,0,1,3.87,49
George Acosta,USA,MF,Inter Miami,22,1,7,0,0,0.655,48
George Campbell,USA,DF,Atlanta Utd,20,20,1476,0,0,0.98,40
George Fochive,USA,MF,Portland Timbers,29,2,31,0,0,0.84,46
George Marks,USA,GK,Charlotte,22,1,90,0,0,0.655,42
Giacomo Vrioni,ALB,FW,New England,23,7,251,1,0,15,42
Giorgio Chiellini,ITA,DF,Los Angeles FC,37,11,713,0,1,10,67
Gonzalo Higuaín,ARG,FW,Inter Miami,34,28,1749,16,3,51,48
Graham Zusi,USA,DF,Sporting KC,35,21,1659,2,1,4.5,40
Gregore,BRA,MF,Inter Miami,27,30,2700,0,2,7,48
Griffin Dorsey,USA,DF,Houston Dynamo,22,27,1644,1,1,1.25,36
Gustavo Bou,ARG,FW,New England,31,19,1600,8,2,25,42
Gustavo Vallecilla,ECU,DF,Colorado Rapids,22,12,567,0,0,3.12,43
Guzmán Corujo,URU,DF,Charlotte,25,25,2063,1,0,6,42
Handwalla Bwana,SOM,FW,Nashville,24,1,13,0,0,1.4,50
Hany Mukhtar,GER,FW,Nashville,26,33,2825,23,7,16.375,50
Harrison Afful,GHA,DF,Charlotte,35,21,1306,0,0,3,42
Harrison Robledo,USA,MF,FC Cincinnati,19,2,46,0,0,0.655,49
Harvey Neville, ENG,DF,Inter Miami,19,1,12,0,0,0.655,48
Hassan Ndam,CMR,DF,NY Red Bulls,23,2,46,0,0,0.84,53
Hassani Dotson,USA,DF,Minnesota Utd,24,7,630,1,2,4,48
Hector Jiménez,USA,DF,Austin,33,14,598,0,2,2,56
Henry Kessler,USA,DF,New England,23,22,1845,1,0,1.5,42
Héber,BRA,FW,NYCFC,30,29,1012,8,0,8.25,55
Héctor Herrera,MEX,MF,Houston Dynamo,31,10,685,0,1,47.5,36
Ian Murphy,USA,DF,FC Cincinnati,22,26,1464,1,0,0.655,49
Ifunanyachi Achara,USA,FW,Toronto FC,24,15,382,0,1,0.84,34
Ilie Sánchez,ESP,MF,Los Angeles FC,31,33,2677,1,0,11.5,67
Indiana Vassilev,USA,FW,Inter Miami,20,24,1059,2,0,0.84,48
Isaac Atanga,GHA,DF,FC Cincinnati,21,1,45,0,0,3.5,49
Isaac Boehmer,USA,GK,Vancouver,20,3,225,0,0,0.655,43
Ismael Tajouri-Shradi,LBY,FW,Los Angeles FC,27,6,167,2,0,6.06375,67
Ismaël Koné,CAN,MF,CF Montréal,19,26,1582,2,4,0.655,65
Iván Angulo,COL,FW,Orlando City,22,9,548,0,2,3.48,48
J.T. Marcinkowski,USA,GK,San Jose,24,33,2925,0,0,3,35
Jacen Russell-Rowe,CAN,FW,Columbus Crew,19,6,228,0,2,0.655,46
Jack Elliott, ENG,DF,Philadelphia,26,32,2860,2,1,7,67
Jack Lynn,USA,FW,Orlando City,22,3,6,0,0,0.655,48
Jack Maher,USA,DF,Nashville,22,27,1855,2,0,1.3,50
Jack McGlynn,USA,MF,Philadelphia,18,23,1018,1,3,0.775,67
Jack Price, ENG,MF,Colorado Rapids,29,17,1110,0,1,6.625,43
Jack Skahan,USA,DF,San Jose,23,10,96,1,0,0.84,35
Jackson Conway,USA,FW,Atlanta Utd,20,3,36,0,0,0.84,40
Jackson Hopkins,USA,MF,D.C. United,17,21,904,0,1,0.655,27
Jackson Ragen,USA,DF,Seattle,23,23,1391,0,0,0.655,41
Jackson Yueill,USA,MF,San Jose,24,31,2690,4,2,7,35
Jacori Hayes,USA,MF,Minnesota Utd,26,8,75,0,1,1.9,48
Jahkeele Marshall-Rutty,CAN,DF,Toronto FC,17,17,621,0,0,1.3,34
Jairo Torres,MEX,FW,Chicago Fire,21,14,687,0,0,8.49996,39
Jake Davis,USA,MF,Sporting KC,20,3,17,0,0,0.655,40
Jake Nerwinski,USA,DF,Vancouver,27,24,1809,0,0,2.65,43
Jakob Glesnes,NOR,DF,Philadelphia,27,34,3060,0,2,6.75,67
Jalil Anibaba,USA,DF,Columbus Crew,33,5,226,0,0,1.5,46
James Igbekeme,NGA,FW,Columbus Crew,26,23,901,0,0,3.15,46
James Pantemis,CAN,GK,CF Montréal,24,11,990,0,0,1.45,65
Jamiro Monteiro,CPV,MF,San Jose,28,31,2637,4,6,12,35
Jan Sobociński,POL,DF,Charlotte,22,9,379,0,0,3.25,42
Jared Stroud,USA,MF,Austin,25,5,45,0,0,0.84,56
Jarosław Niezgoda,POL,FW,Portland Timbers,26,30,1969,9,2,8.075,46
Jasper Löffelsend,GER,MF,Real Salt Lake,24,30,1626,1,3,0.84,47
Javain Brown,JAM,DF,Vancouver,22,27,1858,1,0,0.84,43
Javier Casas,USA,MF,Chicago Fire,18,5,38,0,0,0.84,39
Javier Hernández,MEX,FW,LA Galaxy,33,32,2583,18,2,60,50
Jayden Nelson,CAN,MF,Toronto FC,19,31,1969,1,2,1.3,34
Jaylin Lindsey,USA,DF,Charlotte,21,26,1669,0,1,2,42
Jaziel Orozco,USA,DF,Real Salt Lake,17,4,315,0,0,0.655,47
Jean Mota,BRA,MF,Inter Miami,28,33,2660,2,2,7,48
Jefferson Savarino,VEN,FW,Real Salt Lake,25,19,1522,7,4,20,47
Jeremy Ebobisse,USA,FW,San Jose,24,34,2944,17,2,6.20734,35
Jesús Daniel Bueno,VEN,MF,Philadelphia,22,1,13,0,0,1.4,67
Jesús David Murillo Largacha,COL,DF,Los Angeles FC,27,29,2339,2,3,4.5,67
Jesús Ferreira,USA,FW,FC Dallas,21,33,2658,18,6,13,53
Jesús Jiménez,ESP,FW,Toronto FC,28,33,2342,9,3,8.15,34
Jhohan Romaña,COL,DF,Austin,23,10,336,0,0,4.4,56
Jhojan Valencia,COL,MF,Austin,25,13,471,0,1,3.55,56
Jhon Durán,COL,FW,Chicago Fire,18,27,1367,8,3,1.2,39
Jhon Espinoza,ECU,DF,Chicago Fire,22,19,493,0,0,2.16,39
Jimmy Maurer,USA,GK,FC Dallas,33,2,180,0,0,2.75,53
Jimmy Medranda,COL,DF,Seattle,27,21,651,0,2,2,41
Joaquín Torres,ARG,MF,CF Montréal,25,27,1311,3,2,2.3,65
Joe Willis,USA,GK,Nashville,33,32,2880,0,1,3,50
Joel Waterman,CAN,DF,CF Montréal,26,30,2671,3,2,1.25,65
Joevin Jones,TRI,DF,Inter Miami,30,8,123,0,0,3.6,48
Joey DeZart,USA,DF,Orlando City,23,1,3,0,0,0.89716,48
Johan Kappelhof,NED,DF,Real Salt Lake,31,6,540,1,0,2.6,47
John McCarthy,USA,GK,Los Angeles FC,29,1,90,0,0,1.1,67
John Nelson,USA,DF,FC Cincinnati,23,24,1203,0,1,0.655,49
John Pulskamp,USA,GK,Sporting KC,20,12,1028,0,0,0.89716,40
John Tolkin,USA,DF,NY Red Bulls,19,31,2744,1,3,1,53
Johnny Russell, SCO,FW,Sporting KC,31,33,2698,8,1,20,40
Jojea Kwizera,CGO,DF,CF Montréal,23,8,276,0,1,0.655,65
Jon Bell,USA,DF,New England,24,15,1053,1,0,0.84,42
Jon Gallagher,IRL,DF,Austin,25,32,2127,1,4,1.55,56
Jon Kempin,USA,GK,D.C. United,28,2,180,0,0,0.84,27
Jonathan Bond, ENG,GK,LA Galaxy,28,34,3060,0,0,4.75,50
Jonathan Bornstein,USA,DF,Chicago Fire,37,22,1201,1,0,3,39
Jonathan González,MEX,MF,Minnesota Utd,22,8,195,1,0,2.4,48
Jonathan Lewis,USA,FW,Colorado Rapids,24,33,2208,5,2,4.1,43
Jonathan Mensah,GHA,DF,Columbus Crew,31,30,2572,2,1,10,46
Jonathan Osorio,CAN,MF,Toronto FC,29,23,1687,9,4,10,34
Jonathan Perez,MEX,DF,LA Galaxy,19,1,8,0,0,1.5,50
Jony,ARG,FW,Real Salt Lake,27,4,144,0,0,5,47
Jordan Morris,USA,FW,Seattle,27,29,2316,7,2,12.5,41
Jordan Perruzza,CAN,FW,Toronto FC,21,13,232,0,0,0.84,34
Jordy Alcivar,ECU,MF,Charlotte,22,20,1019,1,1,2.35,42
Josef Martínez,VEN,FW,Atlanta Utd,28,26,1465,9,4,37.5,40
Joseph Mora,CRC,DF,Charlotte,29,23,1716,0,0,2,42
Joseph Rosales,HON,MF,Minnesota Utd,21,24,1052,0,2,0.655,48
Josh Williams,USA,DF,Columbus Crew,33,23,1427,0,1,3.25,46
Joshua Atencio,USA,MF,Seattle,20,18,725,0,0,0.84,41
Joshué Quiñónez,ECU,DF,FC Dallas,21,7,100,0,0,1.8,53
José Andrés Martínez,VEN,MF,Philadelphia,27,30,2518,0,2,2.5,67
José Cifuentes,ECU,MF,Los Angeles FC,22,33,2345,7,6,3.67875,67
José Martínez,ESP,DF,FC Dallas,28,31,2620,0,0,6.5,53
José Van Rankin,MEX,DF,Portland Timbers,28,24,1916,1,0,0.85,46
Jozy Altidore,USA,FW,New England,32,17,597,1,0,37.06139,42
João Moutinho,POR,DF,Orlando City,24,28,2457,2,1,2.2,48
João Paulo Mior,BRA,MF,Seattle,30,6,453,1,0,12,41
Judson,BRA,MF,San Jose,28,16,657,0,0,4.2,35
Julian Araujo,MEX,DF,LA Galaxy,20,33,2741,0,5,5.75,50
Julio Cascante,CRC,DF,Austin,28,32,2714,3,2,3.1,56
Julián Carranza,ARG,FW,Philadelphia,21,31,2210,14,6,9,67
Junior Moreno,VEN,MF,FC Cincinnati,28,27,2038,2,0,3.25,49
Justen Glad,USA,DF,Real Salt Lake,24,26,2303,3,0,6.75,47
Justin Haak,USA,MF,NYCFC,20,15,764,0,0,0.85444,55
Justin Meram,IRQ,MF,Real Salt Lake,33,33,2276,3,6,4.25,47
Justin Rasmussen,USA,DF,Portland Timbers,23,9,646,0,0,0.655,46
Justin Rennicks,USA,FW,New England,22,17,780,2,0,1.1,42
Jáder Obrian,COL,FW,FC Dallas,26,31,1343,2,2,3.825,53
Ján Greguš,SVK,MF,San Jose,31,27,1680,0,5,6,35
Júnior Urso,BRA,MF,Orlando City,32,34,2559,5,4,7.5,48
Kacper Przybyłko,POL,FW,Chicago Fire,28,25,1603,5,1,11.00004,39
Kadin Chung,CAN,DF,Toronto FC,23,8,450,0,1,0.655,34
Kai Wagner,GER,DF,Philadelphia,24,33,2950,0,8,5.1,67
Kalil ElMedkhar,USA,FW,FC Dallas,22,5,102,0,0,0.66724000000000006,53
Kamal Miller,CAN,DF,CF Montréal,24,27,2295,2,3,3,65
Kamil Jóźwiak,POL,FW,Charlotte,23,19,1151,0,3,9,42
Karol Świderski,POL,FW,Charlotte,25,30,2458,10,4,22,42
Kayden Pierre,USA,DF,Sporting KC,18,19,953,0,1,0.655,40
Keaton Parks,USA,MF,NYCFC,24,18,1025,2,0,5,55
Keegan Rosenberry,USA,DF,Colorado Rapids,28,34,2961,2,1,4,43
Kei Kamara,SLE,FW,CF Montréal,37,32,1561,9,7,0.84,65
Kellyn Acosta,USA,MF,Los Angeles FC,26,32,2549,2,4,11,67
Kelvin Leerdam,SUR,DF,LA Galaxy,31,10,479,0,0,3,50
Kelyn Rowe,USA,DF,Seattle,30,28,1307,1,1,2.75,41
Kemar Lawrence,JAM,DF,Minnesota Utd,29,27,2305,1,2,4,48
Kendall Burks,USA,DF,Chicago Fire,22,4,182,0,0,0.84,39
Kendall McIntosh,USA,GK,Sporting KC,28,2,180,0,0,1.2,40
Kervin Arriaga,HON,MF,Minnesota Utd,24,24,1892,1,0,0.84,48
Kerwin Vargas,COL,FW,Charlotte,20,13,633,0,0,3.5,42
Kevin Cabral,FRA,FW,LA Galaxy,22,33,1679,1,3,16.5,50
Kevin Molino,TRI,FW,Columbus Crew,31,11,441,1,0,7.00348,46
Kevin O'Toole,USA,FW,NYCFC,23,3,270,0,0,0.655,55
Khiry Shelton,USA,FW,Sporting KC,28,24,1407,1,1,3.5,40
Kieran Gibbs, ENG,DF,Inter Miami,32,15,635,0,0,3.7,48
Kimarni Smith, ENG,DF,D.C. United,23,17,358,1,1,0.85444,27
Kipp Keller,USA,DF,Austin,21,6,318,0,0,0.84,56
Koa Santos,USA,MF,Charlotte,22,1,56,0,0,0.655,42
Kortne Ford,USA,DF,Sporting KC,26,14,807,0,0,1.5,40
Kosi Thompson,CAN,DF,Toronto FC,19,24,1620,1,1,0.655,34
Kristijan Kahlina,CRO,GK,Charlotte,29,31,2790,0,0,4.25,42
Kwadwo Opoku,GHA,FW,Los Angeles FC,20,34,1770,7,2,0.92,67
Kyle Duncan,USA,DF,NY Red Bulls,24,9,593,0,0,2.68212,53
Kyle Smith,USA,DF,Orlando City,30,29,1388,2,0,1.2858,48
Lalas Abubakar,GHA,DF,Colorado Rapids,27,32,2522,4,1,2.35,43
Larrys Mabiala,COD,DF,Portland Timbers,34,21,1561,0,1,4.5,46
Lassi Lappalainen,FIN,DF,CF Montréal,23,28,1928,3,5,5.1,65
Latif Blessing,GHA,MF,Los Angeles FC,25,30,1334,0,1,4,67
Leon Flach,USA,MF,Philadelphia,20,34,2745,0,2,2.5,67
Leonard Owusu,GHA,MF,Vancouver,24,19,877,0,0,3.5,43
Leonardo Campana,ECU,FW,Inter Miami,21,26,1585,11,1,0.84,48
Lewis Morgan, SCO,FW,NY Red Bulls,25,32,2659,14,3,6.5,53
Logan Ndenbe,BEL,DF,Sporting KC,21,22,1753,0,0,3.5,40
Lorenzo Insigne,ITA,FW,Toronto FC,30,11,926,6,2,140,34
Luca Petrasso,CAN,DF,Toronto FC,21,23,1679,0,2,0.655,34
Lucas Cavallini,CAN,FW,Vancouver,29,24,1516,9,1,12,43
Lucas Esteves,BRA,DF,Colorado Rapids,21,30,2270,1,2,3.73032,43
Lucas Zelarayán,ARM,MF,Columbus Crew,29,29,2316,10,7,31,46
Luciano Acosta,ARG,MF,FC Cincinnati,27,30,2491,10,12,19.435,49
Luis Amarilla,PAR,FW,Minnesota Utd,26,33,2349,9,4,6.5,48
Luis Díaz,CRC,FW,Columbus Crew,23,26,1531,3,5,3.75,46
Luiz Araújo,BRA,FW,Atlanta Utd,25,28,2189,4,5,36,40
Lukas MacNaughton,CAN,DF,Toronto FC,26,25,1787,0,0,0.84,34
Luke Haakenson,USA,MF,Nashville,24,25,597,0,3,0.84,50
Luquinhas,BRA,MF,NY Red Bulls,25,30,1937,5,3,10.5,53
Luís Martins,POR,DF,Vancouver,29,12,471,0,0,3,43
Léo Chú,BRA,FW,Seattle,21,25,817,0,2,5.5,41
Maarten Paes,NED,GK,FC Dallas,23,32,2880,0,0,1.5,53
Machop Malual,SSD,DF,Atlanta Utd,23,6,80,0,0,0.655,40
Maciel,BRA,MF,New England,22,16,684,0,1,0.69902,42
Maikel Chang,CUB,MF,Real Salt Lake,30,33,1835,2,4,0.98261,47
Malte Amundsen,DEN,DF,NYCFC,23,27,2094,0,1,2.7,55
Marcelino Moreno,ARG,MF,Atlanta Utd,27,30,1767,2,5,4.6,40
Marcelo Silva,URU,DF,Real Salt Lake,32,31,2774,2,0,6,47
Marco Farfan,USA,DF,FC Dallas,23,32,2725,1,3,2.25,53
Marcus Godinho,CAN,DF,Vancouver,24,23,1019,0,0,0.85444,43
Marinos Tzionis,CYP,FW,Sporting KC,20,27,779,1,0,6.125,40
Marky Delgado,USA,MF,LA Galaxy,26,29,2515,2,2,6.5,50
Marlon Hairston,USA,DF,Columbus Crew,27,3,153,0,0,1.75,46
Martín Cáceres,URU,DF,LA Galaxy,34,6,429,0,1,2.4,50
Martín Rodríguez,CHI,FW,D.C. United,27,14,904,0,1,4.56,27
Marvin Loría,CRC,FW,Portland Timbers,24,28,803,2,1,1.25,46
Mason Stajduhar,USA,GK,Orlando City,24,2,180,0,0,0.89716,48
Mason Toye,USA,FW,CF Montréal,23,18,726,2,0,5,65
Matai Akinmboni,USA,DF,D.C. United,15,2,120,0,0,0.655,27
Matheus Rossetto,BRA,MF,Atlanta Utd,25,24,1602,0,1,5.5,40
Mathieu Choiniere,CAN,DF,CF Montréal,22,26,1379,2,0,1.25,65
Matko Miljevic,USA,MF,CF Montréal,20,22,694,1,1,5.45455,65
Matt Bersano,USA,GK,San Jose,29,2,135,0,0,1.06375,35
Matt Hedges,USA,DF,FC Dallas,31,28,2226,1,0,9,53
Matt Miazga,USA,DF,FC Cincinnati,26,10,828,2,0,14.64,49
Matt Polster,USA,MF,New England,28,28,2116,2,0,3.25,42
Matthew Real,USA,MF,Philadelphia,22,8,173,1,0,1.05,67
Matías Pellegrini,ARG,DF,NYCFC,21,4,63,0,0,8.75,55
Matías Vera,ARG,MF,Houston Dynamo,26,28,2184,0,0,5.5,36
Mauricio Pereyra,URU,MF,Orlando City,31,32,2531,1,8,11,48
Mauricio Pineda,USA,MF,Chicago Fire,24,27,1998,1,0,2.25,39
Max,BRA,MF,Colorado Rapids,20,28,904,0,1,2.12,43
Maxime Chanot,LUX,DF,NYCFC,32,22,1441,1,1,7,55
Maxime Crépeau,CAN,GK,Los Angeles FC,27,33,2970,0,0,2.75,67
Maximiliano Moralez,ARG,MF,NYCFC,34,29,2100,2,6,6.7,55
Maximiliano Urruti,ARG,FW,Austin,30,32,2184,9,0,6.25,56
McKinze Gaines,USA,MF,Charlotte,23,24,1073,1,4,0.84,42
Memo Rodriguez,USA,MF,Houston Dynamo,26,30,1501,0,3,2.85,36
Mender García,COL,FW,Minnesota Utd,23,9,532,1,0,3,48
Michael Baldisimo,CAN,MF,Vancouver,21,13,455,0,0,1.07415,43
Michael Barrios,COL,FW,Colorado Rapids,30,34,1906,2,6,6.5,43
Michael Boxall,NZL,DF,Minnesota Utd,33,31,2790,0,0,6.0221,48
Michael Bradley,USA,MF,Toronto FC,34,34,3049,3,3,15,34
Michael Halliday,USA,DF,Orlando City,19,6,50,0,0,0.89716,48
Michael Nelson,USA,GK,Houston Dynamo,26,2,155,0,0,1.25,36
Miguel Navarro,VEN,DF,Chicago Fire,22,25,2172,0,1,2.00004,39
Miguel Trauco,PER,DF,San Jose,29,3,137,0,2,1,35
Mikael Uhre,DEN,FW,Philadelphia,27,27,1617,13,3,14,67
Mikey Ambrose,USA,DF,Atlanta Utd,28,2,46,0,0,0.85444,40
Miles Robinson,USA,DF,Atlanta Utd,24,9,659,0,0,7,40
Miloš Degenek,AUS,DF,Columbus Crew,27,28,2236,0,0,7.15,46
Mohamed Farsi,CAN,DF,Columbus Crew,22,7,85,0,1,0.655,46
Moussa Djitte,SEN,FW,Austin,22,17,462,4,2,5.5,56
Nabilai Kibunguchy,USA,MF,Minnesota Utd,24,2,180,0,0,0.66724000000000006,48
Nacho Gil,ESP,FW,New England,26,4,201,0,0,1,42
Nathan Byrne, ENG,DF,Charlotte,29,5,290,0,0,5.6,42
Nathan Cardoso,BRA,DF,San Jose,26,26,2271,3,0,6.5,35
Nathan Fogaça,BRA,FW,Portland Timbers,22,11,409,2,0,0.655,46
Nathan Harriel,USA,DF,Philadelphia,20,25,1768,1,1,0.9,67
Nelson Quiñones,COL,FW,Houston Dynamo,19,8,122,0,0,1.50996,36
Nicholas Gioacchini,USA,FW,Orlando City,21,6,138,0,0,3.50004,48
Nick Besler,USA,MF,Real Salt Lake,28,11,251,0,0,2.1,47
Nick DePuy,USA,DF,LA Galaxy,27,18,1292,0,0,2.31,50
Nick Hagglund,USA,DF,FC Cincinnati,29,32,2715,1,1,0.84,49
Nick Lima,USA,DF,Austin,27,34,2344,0,4,3.5,56
Nick Markanich,USA,FW,FC Cincinnati,22,9,110,0,0,0.655,49
Nick Marsman,NED,GK,Inter Miami,31,7,630,0,0,4.74996,48
Nicolas Isimat-Mirin,FRA,DF,Sporting KC,30,28,2276,0,0,9.5,40
Nicolás Acevedo,URU,MF,NYCFC,22,31,2264,0,0,2,55
Nicolás Lodeiro,URU,MF,Seattle,32,28,2316,7,7,26.4,41
Nigel Robertha,NED,FW,D.C. United,23,17,715,1,3,5.5,27
Niko Hansen,DEN,FW,Minnesota Utd,27,5,100,0,1,2.004,48
Niko Tsakiris,USA,MF,San Jose,16,10,370,0,0,0.655,35
Nkosi Tafari,USA,DF,FC Dallas,24,27,1326,0,0,1.9795,53
Noah Allen,USA,DF,Inter Miami,17,8,324,0,0,0.655,48
Noble Okello,CAN,MF,Toronto FC,21,8,350,0,0,1.15,34
Noel Buck,USA,MF,New England,16,7,292,1,0,0.655,42
Nouhou Tolo,CMR,DF,Seattle,24,30,2502,1,2,3,41
Nuno Santos,POR,MF,Charlotte,22,4,159,1,0,5,42
Obed Vargas,USA,MF,Seattle,16,13,851,0,0,0.655,41
Obinna Nwobodo,NGA,MF,FC Cincinnati,25,24,2064,0,2,9,49
Ola Kamara,NOR,FW,D.C. United,32,30,1491,9,1,15,27
Olivier Mbaizo,CMR,DF,Philadelphia,24,19,1307,0,2,3,67
Omar Gonzalez,USA,DF,New England,33,17,762,0,0,4.25,42
Omir Fernandez,USA,MF,NY Red Bulls,22,27,1441,2,3,1.4,53
Oniel Fisher,JAM,DF,Minnesota Utd,30,11,631,0,0,1.2,48
Oriol Rosell,ESP,MF,Sporting KC,29,18,901,0,1,4.75,40
Oskar Ågren,SWE,DF,San Jose,23,3,249,0,0,0.655,35
Osvaldo Alonso,CUB,MF,Atlanta Utd,36,4,331,0,0,0.84,40
Ousseni Bouda,BFA,FW,San Jose,21,9,118,0,0,0.84,35
Owen Wolff,USA,FW,Austin,17,24,913,0,1,0.655,56
Pablo Bonilla,VEN,DF,Portland Timbers,22,6,252,0,0,1.32,46
Pablo Ruíz,ARG,MF,Real Salt Lake,23,29,2413,2,4,4.5,47
Pablo Sisniega,MEX,GK,Charlotte,26,2,180,0,0,1.8,42
Patryk Klimala,POL,FW,NY Red Bulls,23,28,1638,5,3,10,53
Paul Arriola,USA,FW,FC Dallas,26,32,2562,10,5,11,53
Paul Marie,FRA,DF,San Jose,26,32,2238,1,1,1.45,35
Paxten Aaronson,USA,FW,Philadelphia,18,23,432,1,0,1.075,67
Paxton Pomykal,USA,MF,FC Dallas,22,33,2432,0,2,7,53
Pedro Gallese,PER,GK,Orlando City,31,32,2880,0,0,5.15,48
Pedro Santos,POR,DF,Columbus Crew,33,29,2333,1,2,6.25,46
Pedro Vite,ECU,MF,Vancouver,19,24,1193,2,2,5.56,43
Quentin Westberg,USA,GK,Toronto FC,35,10,900,0,0,3,34
Quinn McNeill,USA,MF,Charlotte,23,11,664,1,1,0.655,42
Quinn Sullivan,USA,FW,Philadelphia,17,17,245,1,0,1,67
Rafael Czichos,GER,DF,Chicago Fire,31,26,2331,3,0,13,39
Rafael Romo,VEN,GK,D.C. United,31,14,1212,0,0,2.5,27
Raheem Edwards,CAN,DF,LA Galaxy,26,30,2275,1,3,2.75,50
Randall Leal,CRC,MF,Nashville,25,28,2128,2,5,8.5,50
Ranko Veselinović,SRB,DF,Vancouver,22,31,2761,1,2,4.05,43
Ravel Morrison,JAM,MF,D.C. United,28,14,967,2,0,8.5,27
Ray Gaddis,USA,DF,FC Cincinnati,32,23,1132,0,0,2.3,49
Raúl Gudiño,MEX,GK,Atlanta Utd,25,6,495,0,0,2,40
Raúl Ruidíaz,PER,FW,Seattle,31,18,1302,9,1,24.72,41
Reed Baker-Whiting,USA,MF,Seattle,16,2,95,0,0,0.655,41
Richie Laryea,CAN,DF,Toronto FC,27,10,862,0,3,11.70402,34
Rida Zouhir,CAN,MF,CF Montréal,18,5,122,0,0,0.66724000000000006,65
Riqui Puig,ESP,MF,LA Galaxy,22,10,826,3,2,16.125,50
Robbie Robinson,USA,FW,Inter Miami,23,8,485,1,1,1.4,48
Robert Taylor,FIN,MF,Inter Miami,27,33,2222,3,2,2.52,48
Robert Voloder,BIH,DF,Sporting KC,20,12,719,1,0,4,40
Robin Jansson,SWE,DF,Orlando City,30,22,1970,1,1,5.25,48
Robin Lod,FIN,FW,Minnesota Utd,28,30,2492,6,2,8.49996,48
Rocco Ríos Novo,ARG,GK,Atlanta Utd,19,16,1395,0,0,1.08,40
Rodney Redes,PAR,FW,Austin,21,12,172,0,0,4.125,56
Rodrigo Schlegel,ARG,DF,Orlando City,24,29,2168,1,0,2,48
Rodrigues,BRA,DF,San Jose,24,7,622,0,0,5.5,35
Roger Espinoza,HON,MF,Sporting KC,35,30,1868,2,1,3,40
Romain Métanire,MAD,MF,Minnesota Utd,31,1,23,0,0,7.2,48
Roman Celentano,USA,GK,FC Cincinnati,21,27,2430,0,0,0.84,49
Romell Quioto,HON,FW,CF Montréal,30,30,2045,15,5,8,65
Ronald Hernández,VEN,DF,Atlanta Utd,24,13,761,0,0,3,40
Ronaldo Cisneros,MEX,FW,Atlanta Utd,25,28,1725,7,1,2.44,40
Ruan,BRA,DF,Orlando City,26,31,2454,2,1,3.6,48
Ruben Gabrielsen,NOR,DF,Austin,29,33,2737,2,1,9.5,56
Rubio Rubin,GUA,FW,Real Salt Lake,25,23,866,1,0,5.1,47
Rudy Camacho,FRA,DF,CF Montréal,30,28,2478,1,0,5,65
Russell Canouse,USA,MF,D.C. United,26,18,1192,1,1,5.15,27
Russell Teibert,CAN,MF,Vancouver,29,29,2035,0,0,4,43
Ryan Gauld, SCO,MF,Vancouver,26,28,2237,8,5,21.6,43
Ryan Hollingshead,USA,DF,Los Angeles FC,30,30,1930,6,1,3.9375,67
Ryan Meara,USA,GK,NY Red Bulls,31,1,90,0,0,3.24,53
Ryan Raposo,CAN,DF,Vancouver,22,30,1440,2,1,1,43
Ryan Sailor,USA,DF,Inter Miami,23,22,1521,0,0,0.655,48
Ryan Spaulding,USA,DF,New England,23,7,263,0,0,0.655,42
Rémi Walter,FRA,MF,Sporting KC,26,34,2972,3,1,8,40
Róbert Þorkelsson,ISL,DF,CF Montréal,19,11,167,0,0,1.5,65
Rónald Matarrita,CRC,DF,FC Cincinnati,27,7,224,1,3,7.5,49
Sacha Kljestan,USA,MF,LA Galaxy,36,21,440,1,2,0.84,50
Sam Junqua,USA,DF,Houston Dynamo,25,15,513,0,1,0.89513,36
Sam Nicholson, SCO,MF,Colorado Rapids,27,15,831,1,0,3,43
Sami Guediri,USA,DF,D.C. United,24,13,803,0,0,0.84,27
Samuel Adeniran,USA,FW,Seattle,23,2,73,0,0,0.655,41
Samuel Grandsir,FRA,FW,LA Galaxy,25,33,1611,3,5,9,50
Samuel Piette,CAN,MF,CF Montréal,27,26,1490,0,3,4,65
Santiago Moreno,COL,FW,Portland Timbers,21,34,2428,7,6,3,46
Santiago Rodríguez,URU,MF,NYCFC,22,32,2461,4,10,6.125,55
Santiago Sosa,ARG,MF,Atlanta Utd,22,21,1409,1,0,5.25,40
Scott Caldwell,USA,MF,Real Salt Lake,30,26,1363,0,0,2,47
Sean Davis,USA,MF,Nashville,28,34,2835,1,1,6.375,50
Sean Johnson,USA,GK,NYCFC,32,34,3060,0,0,5.5,55
Sean Nealis,USA,DF,NY Red Bulls,25,33,2952,0,0,1.75,53
Sean Zawadzki,USA,MF,Columbus Crew,21,5,289,1,0,0.84,46
Sebastian Anderson,USA,DF,Colorado Rapids,19,2,10,0,0,1.05,43
Sebastian Berhalter,USA,MF,Vancouver,20,18,1023,0,0,1,43
Sebastian Breza,CAN,GK,CF Montréal,23,23,2070,0,0,0.84,65
Sebastien Ibeagha,USA,DF,Los Angeles FC,30,17,1187,0,0,2.25,67
Sebastián Blanco,ARG,FW,Portland Timbers,33,32,1820,7,7,13.4,46
Sebastián Driussi,ARG,MF,Austin,25,34,2876,22,5,22,56
Sebastián Ferreira,PAR,FW,Houston Dynamo,23,31,2318,13,3,16,36
Serge Ngoma,USA,FW,NY Red Bulls,16,7,116,2,0,0.655,53
Sergio Córdova,VEN,FW,Real Salt Lake,24,33,2274,9,1,6,47
Sergio Oregel,USA,MF,Chicago Fire,16,1,12,0,0,0.655,39
Shane O'Neill,USA,DF,Toronto FC,28,26,1899,0,1,3.2,34
Shaquell Moore,USA,DF,Nashville,25,11,888,0,1,7,50
Shea Salinas,USA,FW,San Jose,35,13,203,1,0,2.8,35
Siad Haji,SOM,DF,San Jose,22,2,14,0,0,1.2,35
Sofiane Djeffal,FRA,MF,D.C. United,22,28,1686,0,1,0.655,27
Spencer Richey,USA,GK,Chicago Fire,29,1,90,0,0,1.32,39
Stanislav Ivanov,BUL,FW,Chicago Fire,22,15,882,1,0,3,39
Stefan Cleveland,USA,GK,Seattle,27,7,630,0,0,1.5,41
Stefan Frei,SUI,GK,Seattle,35,27,2430,0,0,5,41
Steve Birnbaum,USA,DF,D.C. United,31,32,2849,2,0,7.5,27
Steve Clark,USA,GK,Houston Dynamo,35,33,2905,0,0,5.6,36
Steven Beitashour,IRN,DF,Colorado Rapids,34,19,1313,0,2,1.5,43
Steven Moreira,FRA,DF,Columbus Crew,27,32,2783,1,5,5.5,46
Steven Sserwadda,UGA,MF,NY Red Bulls,19,2,29,0,0,0.655,53
Sunusi Ibrahim,NGA,MF,CF Montréal,19,6,236,0,0,2,65
Séga Coulibaly,FRA,DF,LA Galaxy,25,27,2148,1,0,4.2,50
Talles Magno,BRA,FW,NYCFC,19,34,2591,7,8,9.5,55
Tanner Beason,USA,DF,San Jose,24,28,2244,0,0,2,35
Tate Schmitt,USA,DF,Real Salt Lake,24,14,860,2,1,0.925,47
Taxiarchis Fountas,GRE,MF,D.C. United,26,21,1467,12,1,16,27
Taylor Washington,USA,DF,Nashville,28,14,601,0,1,0.93989,50
Tayvon Gray,USA,DF,NYCFC,19,27,1879,0,1,1.25,55
Teal Bunbury,USA,FW,Nashville,31,17,654,5,0,4,50
Teenage Hadebe,ZIM,DF,Houston Dynamo,26,22,1810,2,0,10.14,36
Tega Ikoba,USA,FW,Portland Timbers,18,2,23,0,0,0.85444,46
Tesho Akindele,CAN,FW,Orlando City,29,27,610,3,0,3.25,48
Themi Antonoglou,CAN,DF,Toronto FC,20,2,41,0,0,0.655,34
Theodore Ku-Dipietro,USA,FW,D.C. United,20,10,238,0,0,0.655,27
Thiago,BRA,FW,NYCFC,21,33,1405,5,2,1.8,55
Thiago Almada,ARG,MF,Atlanta Utd,20,29,2372,6,7,16.5,40
Thiago Martins,BRA,DF,NYCFC,26,26,2152,0,1,15,55
Thiaguinho,BRA,FW,Houston Dynamo,20,3,21,0,0,3.10344,36
Thomas Hasal,CAN,GK,Vancouver,22,17,1509,0,0,1.55,43
Thomas McNamara,USA,MF,New England,30,33,2477,4,3,2.4,42
Thomas Williams,USA,DF,Orlando City,17,4,181,0,0,0.66724000000000006,48
Tim Melia,USA,GK,Sporting KC,35,21,1852,0,0,5.25,40
Tim Parker,USA,DF,Houston Dynamo,28,28,2252,0,0,10,36
Tom Barlow,USA,FW,NY Red Bulls,26,33,1097,4,0,1.75,53
Tommy Thompson,USA,DF,San Jose,26,27,1322,1,2,2.8,35
Tony Alfaro,USA,DF,D.C. United,28,18,943,0,1,0.89513,27
Tosaint Ricketts,CAN,FW,Vancouver,34,23,450,4,1,0.84,43
Tristan Blackmon,USA,DF,Vancouver,25,28,2134,1,0,3.5,43
Tsiki Ntsabeleng,RSA,MF,FC Dallas,23,26,840,1,0,0.655,53
Tyler Blackett, ENG,DF,FC Cincinnati,27,20,1342,0,1,8.4,49
Tyler Miller,USA,GK,Minnesota Utd,28,3,225,0,0,4.25,48
Tyler Wolff,USA,FW,Atlanta Utd,18,5,253,0,0,1.1,40
Victor Bezerra,USA,FW,Chicago Fire,21,5,47,0,0,0.84,39
Victor Pálsson,ISL,MF,D.C. United,30,10,872,0,0,8.5,27
Victor Ulloa,USA,MF,Inter Miami,29,19,367,0,1,2.5,48
Victor Wanyama,KEN,MF,CF Montréal,30,32,2633,1,3,24,65
Vuk Latinovich,USA,DF,NYCFC,24,5,254,0,0,0.85444,55
Víctor Vázquez,ESP,MF,LA Galaxy,35,26,1159,2,3,4.4,50
Walker Zimmerman,USA,DF,Nashville,28,30,2521,4,1,20.88235,50
Washington Corozo,ECU,MF,Austin,23,3,51,0,1,3,56
Wikelman Carmona,VEN,MF,NY Red Bulls,18,2,43,0,0,0.66724000000000006,53
Wil Trapp,USA,MF,Minnesota Utd,29,27,2127,0,0,7.84875,48
Wilder Cartagena,PER,MF,Orlando City,27,8,331,0,0,2.4,48
Wilfrid Kaptoum,CMR,MF,New England,25,21,1066,1,0,5.25,42
Will Bruin,USA,FW,Seattle,32,24,868,3,0,2.6,41
Will Richmond,USA,MF,San Jose,21,2,45,0,0,0.655,35
William Yarbrough,USA,GK,Colorado Rapids,32,34,3014,0,0,3,43
Wyatt Omsberg,USA,DF,Chicago Fire,26,14,1259,1,0,1.4,39
Xavier Arreaga,ECU,DF,Seattle,27,27,2166,1,0,7,41
Xherdan Shaqiri,SUI,MF,Chicago Fire,30,29,2252,7,7,73.5,39
Yaw Yeboah,GHA,FW,Columbus Crew,24,19,791,0,1,6,46
Yeimar Gómez Andrade,COL,DF,Seattle,29,28,2314,1,0,6.50004,41
Yimmi Chará,COL,MF,Portland Timbers,30,34,2760,4,3,15,46
Yordy Reyna,PER,MF,Charlotte,28,19,845,3,3,7.975,42
Yuya Kubo,JPN,MF,FC Cincinnati,28,27,1349,1,1,10.91,49
Zac MacMath,USA,GK,Real Salt Lake,30,34,3060,0,0,2,47
Zac McGraw,USA,DF,Portland Timbers,24,22,1076,1,0,0.84,46
Zachary Brault-Guillard,CAN,DF,CF Montréal,23,18,629,4,2,2.75,65
Zarek Valentin,PUR,DF,Houston Dynamo,30,5,371,0,0,2.6,36
Zeca,BRA,DF,Houston Dynamo,27,20,1133,0,1,2.18182,36
Zico Bailey,USA,DF,FC Cincinnati,21,3,80,0,0,0.84,49
Zorhan Bassong,CAN,DF,CF Montréal,22,10,188,0,0,1.25,65
Álvaro Barreal,ARG,DF,FC Cincinnati,21,32,2199,5,5,3.5,49
Þorleifur Úlfarsson,ISL,FW,Houston Dynamo,21,31,1202,4,1,0.655,36
Đorđe Petrović,SRB,GK,New England,22,21,1890,0,0,2.25,42
Žan Kolmanič,SVN,DF,Austin,21,21,1070,0,2,3,56
